

INSERT INTO Country(Country) VALUES ('Russia');
INSERT INTO Country(Country) VALUES('Malaysia');
INSERT INTO Country(Country) VALUES('Bahrain');
INSERT INTO Country(Country) VALUES('Abu Dhabi');
INSERT INTO Country(Country) VALUES('Australia');
INSERT INTO Country(Country) VALUES('Canada');
INSERT INTO Country(Country) VALUES('USA');
INSERT INTO Country(Country) VALUES('Brazil');
INSERT INTO Country(Country) VALUES('Mexico');
INSERT INTO Country(Country) VALUES('Venezuela');
INSERT INTO Country(Country) VALUES('China');
INSERT INTO Country(Country) VALUES('Singapore');
INSERT INTO Country(Country) VALUES('Japan');
INSERT INTO Country(Country) VALUES('Spain');
INSERT INTO Country(Country) VALUES('Monaco');
INSERT INTO Country(Country) VALUES('Great Britain');
INSERT INTO Country(Country) VALUES('France');
INSERT INTO Country(Country) VALUES('Germany');
INSERT INTO Country(Country) VALUES('Italy')
INSERT INTO Country(Country) VALUES('Hungary');
INSERT INTO Country(Country) VALUES('Austria');
INSERT INTO Country(Country) VALUES('Belgium');
INSERT INTO Country(Country) VALUES('Denmark');
INSERT INTO Country(Country) VALUES('Finland');
INSERT INTO Country(Country) VALUES('Sweden');
INSERT INTO Country(Country) VALUES('India');
INSERT INTO Country(Country) VALUES('Switzarland');


INSERT INTO COMPANY (Name,Country_ID,Foundation_Year) VALUES ('Mercedes',18,'1954');
INSERT INTO COMPANY (Name,Country_ID,Foundation_Year) VALUES ('Red Bull',21,'2004');
INSERT INTO COMPANY (Name,Country_ID,Foundation_Year) VALUES ('Williams',16,'1968');
INSERT INTO COMPANY (Name,Country_ID,Foundation_Year) VALUES ('Ferrari',19,'1929');
INSERT INTO COMPANY (Name,Country_ID,Foundation_Year) VALUES ('McLaren',16,'1963');
INSERT INTO COMPANY (Name,Country_ID,Foundation_Year) VALUES ('Force India',26,'2007');
INSERT INTO COMPANY (Name,Country_ID,Foundation_Year) VALUES ('Torro Rosso',19,'2005');
INSERT INTO COMPANY (Name,Country_ID,Foundation_Year) VALUES ('Lotus',16,'1958');
INSERT INTO COMPANY (Name,Country_ID,Foundation_Year) VALUES ('Marussia',1,'2011');
INSERT INTO COMPANY (Name,Country_ID,Foundation_Year) VALUES ('Sauber',27,'1980');
INSERT INTO COMPANY (Name,Country_ID,Foundation_Year) VALUES ('Caterham',2,'2011');



INSERT INTO PILOT (Name ,Country_ID ,Date_of_Birth) VALUES (N'Marcus Ericsson',25,'02/09/1990');
INSERT INTO PILOT (Name ,Country_ID ,Date_of_Birth) VALUES (N'Will Stevens',16,'28/06/1991');
INSERT INTO PILOT (Name ,Country_ID ,Date_of_Birth) VALUES (N'Kamui Kobayashi',13,'13/09/1986');
INSERT INTO PILOT (Name ,Country_ID ,Date_of_Birth) VALUES (N'Andr? Lotterer',18,'19/11/1981');
INSERT INTO PILOT (Name ,Country_ID ,Date_of_Birth) VALUES (N'Kimi R?ikk?nen',24,'17/10/1979');
INSERT INTO PILOT (Name ,Country_ID ,Date_of_Birth) VALUES (N'Fernando Alonso',14,'19/07/1981');
INSERT INTO PILOT (Name ,Country_ID ,Date_of_Birth) VALUES (N'Sergio P?rez',9,'26/01/1990');
INSERT INTO PILOT (Name ,Country_ID ,Date_of_Birth) VALUES (N'Nico H?lkenberg',18,'19/08/1987');
INSERT INTO PILOT (Name ,Country_ID ,Date_of_Birth) VALUES (N'Romain Grosjean',17,'17/04/1986');
INSERT INTO PILOT (Name ,Country_ID ,Date_of_Birth) VALUES (N'Pastor Maldonado',10,'09/03/1985');
INSERT INTO PILOT (Name ,Country_ID ,Date_of_Birth) VALUES (N'Maximilian Alexander "Max" Chilton',16,'21/04/1991');
INSERT INTO PILOT (Name ,Country_ID ,Date_of_Birth) VALUES (N'Alexander Rossi',7,'25/09/1991');
INSERT INTO PILOT (Name ,Country_ID ,Date_of_Birth) VALUES (N'Jules Bianchi',17,'03/08/1989');
INSERT INTO PILOT (Name ,Country_ID ,Date_of_Birth) VALUES (N'Kevin Magnussen',23,'05/10/1992');
INSERT INTO PILOT (Name ,Country_ID ,Date_of_Birth) VALUES (N'Jenson Alexander Lyons Button',16,'19/01/1980');
INSERT INTO PILOT (Name ,Country_ID ,Date_of_Birth) VALUES (N'Nico Erik Rosberg',18,'27/06/1985');
INSERT INTO PILOT (Name ,Country_ID ,Date_of_Birth) VALUES (N'Lewis Carl Davidson Hamilton',16,'07/01/1985');
INSERT INTO PILOT (Name ,Country_ID ,Date_of_Birth) VALUES (N'Sebastian Vettel',18,'03/07/1987');
INSERT INTO PILOT (Name ,Country_ID ,Date_of_Birth) VALUES (N'Daniel Ricciardo',5,'01/07/1989');
INSERT INTO PILOT (Name ,Country_ID ,Date_of_Birth) VALUES (N'Esteban Manuel Guti?rrez Guti?rrez',9,'05/08/1991');
INSERT INTO PILOT (Name ,Country_ID ,Date_of_Birth) VALUES (N'Adrian Sutil',18,'11/01/1983');
INSERT INTO PILOT (Name ,Country_ID ,Date_of_Birth) VALUES (N'Jean-?ric Vergne',17,'25/04/1990');
INSERT INTO PILOT (Name ,Country_ID ,Date_of_Birth) VALUES (N'Daniil Kvyat',1,'26/04/1994');
INSERT INTO PILOT (Name ,Country_ID ,Date_of_Birth) VALUES (N'Felipe Massa',8,'25/04/1981');
INSERT INTO PILOT (Name ,Country_ID ,Date_of_Birth) VALUES (N'Valtteri Bottas',24,'28/08/1989');


INSERT INTO Contract (Pilot_ID ,Company_ID,Start_Date,End_Date ) VALUES (1,11,'01/01/2014','31/12/2014');
INSERT INTO Contract (Pilot_ID ,Company_ID,Start_Date,End_Date ) VALUES (2,11,'05/02/2014','31/12/2014');
INSERT INTO Contract (Pilot_ID ,Company_ID,Start_Date,End_Date ) VALUES (3,11,'10/02/2014','31/12/2014');
INSERT INTO Contract (Pilot_ID ,Company_ID,Start_Date,End_Date ) VALUES (4,11,'13/02/2014','31/12/2014');
INSERT INTO Contract (Pilot_ID ,Company_ID,Start_Date,End_Date ) VALUES (5,4,'26/01/2014','31/12/2014');
INSERT INTO Contract (Pilot_ID ,Company_ID,Start_Date,End_Date ) VALUES (6,4,'05/02/2014','31/12/2014');
INSERT INTO Contract (Pilot_ID ,Company_ID,Start_Date,End_Date ) VALUES (7,6,'01/03/2014','31/12/2014');
INSERT INTO Contract (Pilot_ID ,Company_ID,Start_Date,End_Date ) VALUES (8,6,'09/01/2014','31/12/2014');
INSERT INTO Contract (Pilot_ID ,Company_ID,Start_Date,End_Date ) VALUES (9,8,'15/01/2014','31/12/2014');
INSERT INTO Contract (Pilot_ID ,Company_ID,Start_Date,End_Date ) VALUES (10,8,'19/02/2014','31/12/2015');
INSERT INTO Contract (Pilot_ID ,Company_ID,Start_Date,End_Date ) VALUES (11,9,'01/01/2013','31/12/2014');
INSERT INTO Contract (Pilot_ID ,Company_ID,Start_Date,End_Date ) VALUES (12,11,'30/01/2014','25/07/2014');
INSERT INTO Contract (Pilot_ID ,Company_ID,Start_Date,End_Date ) VALUES (12,9,'26/07/2014','31/12/2014');
INSERT INTO Contract (Pilot_ID ,Company_ID,Start_Date,End_Date ) VALUES (13,9,'05/01/2014','31/12/2014');
INSERT INTO Contract (Pilot_ID ,Company_ID,Start_Date,End_Date ) VALUES (14,5,'08/01/2014','31/12/2014');
INSERT INTO Contract (Pilot_ID ,Company_ID,Start_Date,End_Date ) VALUES (15,5,'12/01/2014','31/12/2014');
INSERT INTO Contract (Pilot_ID ,Company_ID,Start_Date,End_Date ) VALUES (16,1,'01/01/2014','31/12/2014');
INSERT INTO Contract (Pilot_ID ,Company_ID,Start_Date,End_Date ) VALUES (17,1,'01/02/2014','31/12/2014');
INSERT INTO Contract (Pilot_ID ,Company_ID,Start_Date,End_Date ) VALUES (18,2,'01/02/2014','31/12/2014');
INSERT INTO Contract (Pilot_ID ,Company_ID,Start_Date,End_Date ) VALUES (19,2,'01/02/2014','31/12/2014');
INSERT INTO Contract (Pilot_ID ,Company_ID,Start_Date,End_Date ) VALUES (20,10,'01/03/2014','31/12/2014');
INSERT INTO Contract (Pilot_ID ,Company_ID,Start_Date,End_Date ) VALUES (21,10,'26/01/2014','31/12/2014');
INSERT INTO Contract (Pilot_ID ,Company_ID,Start_Date,End_Date ) VALUES (22,7,'01/02/2014','31/12/2014');
INSERT INTO Contract (Pilot_ID ,Company_ID,Start_Date,End_Date ) VALUES (23,7,'06/01/2014','31/12/2014');
INSERT INTO Contract (Pilot_ID ,Company_ID,Start_Date,End_Date ) VALUES (24,3,'07/01/2014','31/12/2014');
INSERT INTO Contract (Pilot_ID ,Company_ID,Start_Date,End_Date ) VALUES (25,3,'28/02/2014','31/12/2014');

INSERT INTO GRAND_PRIX (Name,Country_ID,Lap_amount,Lap_length_m,Attendence,Start_Date,End_date  ) VALUES ('Melbourne Grand Prix Circuit',5,57,5303,100500,'14/03/2014','16/03/2014');
INSERT INTO GRAND_PRIX (Name,Country_ID,Lap_amount,Lap_length_m,Start_Date,End_date) VALUES ('Sepang International Circuit',2,56,5543,'28/03/2014','30/03/2014');
INSERT INTO GRAND_PRIX (Name,Country_ID,Lap_amount,Lap_length_m,Attendence,Start_Date,End_date  ) VALUES ('Bahrain International Circuit',3,57,5412,38140,'04/04/2014','06/04/2014');
INSERT INTO GRAND_PRIX (Name,Country_ID,Lap_amount,Lap_length_m,Attendence,Start_Date,End_date  ) VALUES ('Shanghai International Circuit',11,56,5451,150000,'18/04/2014','20/04/2014');
INSERT INTO GRAND_PRIX (Name,Country_ID,Lap_amount,Lap_length_m,Attendence,Start_Date,End_date  ) VALUES ('Circuit de Barcelona-Catalunya',14,66,4655,150000,'09/05/2014','11/05/2014');
INSERT INTO GRAND_PRIX (Name,Country_ID,Lap_amount,Lap_length_m,Attendence,Start_Date,End_date  ) VALUES ('Circuit de Monaco',15,78,337,60000,'22/05/2014','25/05/2014');
INSERT INTO GRAND_PRIX (Name,Country_ID,Lap_amount,Lap_length_m,Start_Date,End_date) VALUES ('Circuit Gilles Villeneuve',6,70,4361,'06/06/2014','08/06/2014');
INSERT INTO GRAND_PRIX (Name,Country_ID,Lap_amount,Lap_length_m,Attendence,Start_Date,End_date  ) VALUES ('Red Bull Ring',21,71,4326,77702,'20/06/2014','22/06/2014');
INSERT INTO GRAND_PRIX (Name,Country_ID,Lap_amount,Lap_length_m,Attendence,Start_Date,End_date  ) VALUES ('Silverstone Circuit',16,52,5891,122000,'04/07/2014','06/07/2014');
INSERT INTO GRAND_PRIX (Name,Country_ID,Lap_amount,Lap_length_m,Attendence,Start_Date,End_date  ) VALUES ('Hockenheimring',18,67,4574,52000,'18/07/2014','20/07/2014');
INSERT INTO GRAND_PRIX (Name,Country_ID,Lap_amount,Lap_length_m,Attendence,Start_Date,End_date  ) VALUES ('Hungaroring',20,70,4381,80018,'25/07/2014','27/07/2014');
INSERT INTO GRAND_PRIX (Name,Country_ID,Lap_amount,Lap_length_m,Attendence,Start_Date,End_date  ) VALUES ('Circuit de Spa-Francorchamps',22,44,7004,80000,'22/08/2014','24/08/2014');
INSERT INTO GRAND_PRIX (Name,Country_ID,Lap_amount,Lap_length_m,Attendence,Start_Date,End_date  ) VALUES ('Autodromo Nazionale Monza',19,53,5793,114000,'05/09/2014','07/09/2014');
INSERT INTO GRAND_PRIX (Name,Country_ID,Lap_amount,Lap_length_m,Attendence,Start_Date,End_date  ) VALUES ('Marina Bay Street Circuit',12,61,5065,85704,'19/09/2014','21/09/2014');
INSERT INTO GRAND_PRIX (Name,Country_ID,Lap_amount,Lap_length_m,Attendence,Start_Date,End_date  ) VALUES ('Suzuka Circuit',13,53,5807,142000,'03/10/2014','05/10/2014');
INSERT INTO GRAND_PRIX (Name,Country_ID,Lap_amount,Lap_length_m,Attendence,Start_Date,End_date  ) VALUES ('Sochi Autodrom',1,53,5848,65000,'10/10/2014','12/10/2014');
INSERT INTO GRAND_PRIX (Name,Country_ID,Lap_amount,Lap_length_m,Attendence,Start_Date,End_date  ) VALUES ('Circuit of the Americas',7,56,5516,107778,'30/10/2014','02/11/2014');
INSERT INTO GRAND_PRIX (Name,Country_ID,Lap_amount,Lap_length_m,Attendence,Start_Date,End_date  ) VALUES ('Aut?dromo Jos? Carlos Pace',8,71,4309,70681,'07/11/2014','09/11/2014');
INSERT INTO GRAND_PRIX (Name,Country_ID,Lap_amount,Lap_length_m,Attendence,Start_Date,End_date  ) VALUES ('Yas Marina Circuit',4,55,5554,60000,'21/11/2014','23/11/2014');

INSERT INTO ENGINE_MODEL VALUES (1,'Renault Energy F1',1.6,'V6','YES');
INSERT INTO ENGINE_MODEL VALUES (2,'Mercedes Hybrid PU106A',1.6,'V6','YES');
INSERT INTO ENGINE_MODEL VALUES (3,'Ferrari 059/3',1.6,'V6','YES');

INSERT INTO WORK_TYPE VALUES (1,'Refueling');
INSERT INTO WORK_TYPE VALUES (2,'Recieving Data');
INSERT INTO WORK_TYPE VALUES (3,'Wing angle change');
INSERT INTO WORK_TYPE VALUES (4,'Washing');

INSERT INTO TIRES VALUES (1,'Ultra soft');
INSERT INTO TIRES VALUES (2,'Super soft');
INSERT INTO TIRES VALUES (3,'Soft');
INSERT INTO TIRES VALUES (4,'Medium');
INSERT INTO TIRES VALUES (5,'Hard');
INSERT INTO TIRES VALUES (6,'Intermediate');
INSERT INTO TIRES VALUES (7,'Wet');

INSERT INTO PENALTY VALUES (1,'Monetary');
INSERT INTO PENALTY VALUES (2,'Time');
INSERT INTO PENALTY VALUES (3,'Points');
INSERT INTO PENALTY VALUES (4,'Suspension');
INSERT INTO PENALTY VALUES (5,'Position');

INSERT INTO Penalty_Pilot (Pilot_ID,Grand_prix_ID,Penalty_ID,Penalty_Specification,Date) VALUES (25,1,5,'Minus 5 Position This race','14/03/2014');
INSERT INTO Penalty_Pilot (Pilot_ID,Grand_prix_ID,Penalty_ID,Penalty_Specification,Date) VALUES (20,1,5,'Minus 5 Position This race','14/03/2014');
INSERT INTO Penalty_Pilot (Pilot_ID,Grand_prix_ID,Penalty_ID,Penalty_Specification,Date) VALUES (3,5,5,'Minus 3 Position Next race','10/05/2014');
INSERT INTO Penalty_Pilot (Pilot_ID,Grand_prix_ID,Penalty_ID,Penalty_Specification,Date) VALUES (12,16,5,'Minus 10 Position Next race','12/05/2014');
INSERT INTO Penalty_Pilot (Pilot_ID,Grand_prix_ID,Penalty_ID,Date) VALUES (19,1,4,'12/05/2014');
INSERT INTO Penalty_Pilot (Pilot_ID,Grand_prix_ID,Penalty_ID,Penalty_Specification,Date) VALUES (18,2,4,'Wing replacement','21/11/2014');
INSERT INTO Penalty_Pilot (Pilot_ID,Grand_prix_ID,Penalty_ID,Date) VALUES (19,2,4,'21/11/2014');


INSERT INTO Penalty_Company (Company_ID  ,Grand_prix_ID ,Penalty_ID,Penalty_Specification,Reason ,Date) VALUES (4,1,1,'100k dollars','Late for the race','15/03/2014');
INSERT INTO Penalty_Company (Company_ID,Penalty_ID,Penalty_Specification,Reason,Date) VALUES (10,1,'100 mln dollars','Spying on Ferari','05/06/2014');
INSERT INTO Penalty_Company (Company_ID  ,Grand_prix_ID ,Penalty_ID,Penalty_Specification,Reason ,Date)VALUES (4,8,1,'1 mln dollars','Comand Tacrics','23/08/2014');

INSERT INTO ENGINE (Company_ID,Model_ID,Break_down_date)  VALUES (1,2,'14/03/2014');
INSERT INTO ENGINE (Company_ID,Model_ID,Break_down_date)  VALUES (1,2,NULL);
INSERT INTO ENGINE (Company_ID,Model_ID,Break_down_date)  VALUES (1,2,NULL);
INSERT INTO ENGINE (Company_ID,Model_ID,Break_down_date)  VALUES (2,1,NULL);
INSERT INTO ENGINE (Company_ID,Model_ID,Break_down_date)  VALUES (2,1,NULL);
INSERT INTO ENGINE (Company_ID,Model_ID,Break_down_date)  VALUES (2,1,NULL);
INSERT INTO ENGINE (Company_ID,Model_ID,Break_down_date)  VALUES (3,2,'11/05/2014');
INSERT INTO ENGINE (Company_ID,Model_ID,Break_down_date)  VALUES (3,2,NULL);
INSERT INTO ENGINE (Company_ID,Model_ID,Break_down_date)  VALUES (3,2,NULL);
INSERT INTO ENGINE (Company_ID,Model_ID,Break_down_date)  VALUES (4,3,NULL);
INSERT INTO ENGINE (Company_ID,Model_ID,Break_down_date)  VALUES (4,3,NULL);
INSERT INTO ENGINE (Company_ID,Model_ID,Break_down_date)  VALUES (4,3,NULL);
INSERT INTO ENGINE (Company_ID,Model_ID,Break_down_date)  VALUES (5,2,NULL);
INSERT INTO ENGINE (Company_ID,Model_ID,Break_down_date)  VALUES (5,2,NULL);
INSERT INTO ENGINE (Company_ID,Model_ID,Break_down_date)  VALUES (5,2,NULL);
INSERT INTO ENGINE (Company_ID,Model_ID,Break_down_date)  VALUES (6,2,NULL);
INSERT INTO ENGINE (Company_ID,Model_ID,Break_down_date)  VALUES (6,2,NULL);
INSERT INTO ENGINE (Company_ID,Model_ID,Break_down_date)  VALUES (6,2,NULL);
INSERT INTO ENGINE (Company_ID,Model_ID,Break_down_date)  VALUES (7,1,NULL);
INSERT INTO ENGINE (Company_ID,Model_ID,Break_down_date)  VALUES (7,1,NULL);
INSERT INTO ENGINE (Company_ID,Model_ID,Break_down_date)  VALUES (7,1,NULL);
INSERT INTO ENGINE (Company_ID,Model_ID,Break_down_date)  VALUES (8,1,'03/10/2014');
INSERT INTO ENGINE (Company_ID,Model_ID,Break_down_date)  VALUES (8,1,NULL);
INSERT INTO ENGINE (Company_ID,Model_ID,Break_down_date)  VALUES (8,1,NULL);
INSERT INTO ENGINE (Company_ID,Model_ID,Break_down_date)  VALUES (9,3,NULL);
INSERT INTO ENGINE (Company_ID,Model_ID,Break_down_date)  VALUES (9,3,NULL);
INSERT INTO ENGINE (Company_ID,Model_ID,Break_down_date)  VALUES (9,3,NULL);
INSERT INTO ENGINE (Company_ID,Model_ID,Break_down_date)  VALUES (10,3,NULL);
INSERT INTO ENGINE (Company_ID,Model_ID,Break_down_date)  VALUES (10,3,NULL);
INSERT INTO ENGINE (Company_ID,Model_ID,Break_down_date)  VALUES (10,3,NULL);
INSERT INTO ENGINE (Company_ID,Model_ID,Break_down_date)  VALUES (11,1,NULL);
INSERT INTO ENGINE (Company_ID,Model_ID,Break_down_date)  VALUES (11,1,NULL);
INSERT INTO ENGINE (Company_ID,Model_ID,Break_down_date)  VALUES (11,1,NULL);


INSERT INTO Race VALUES(1,1,9,31,27,NULL,193.636,3,1,NULL,NULL);
INSERT INTO Race VALUES(1,3,10,33,0,NULL,NULL,3,2,NULL,NULL);
INSERT INTO Race VALUES(1,5,7,11,57,'1:33:59',206.436,3,3,7,6);
INSERT INTO Race VALUES(1,6,14,12,57,'1:33:36',206.235,3,4,4,12);
INSERT INTO Race VALUES(1,7,11,17,57,'1:35:02',204.442,2,5,10,1);
INSERT INTO Race VALUES(1,8,27,16,57,'1:33:58',206.236,3,6,6,8);
INSERT INTO Race VALUES(1,9,8,24,43,NULL,201.451,2,7,NULL,NULL);
INSERT INTO Race VALUES(1,10,13,22,29,NULL,196.027,3,8,NULL,NULL);
INSERT INTO Race VALUES(1,11,4,27,56,NULL,206.436,1,9,NULL,NULL);
INSERT INTO Race VALUES(1,13,17,26,56,NULL,206.436,3,10,NULL,NULL);
INSERT INTO Race VALUES(1,14,20,14,57,'1:33:24',205.476,3,11,2,18);
INSERT INTO Race VALUES(1,15,22,13,57,'1:33:29',204.467,2,12,3,15);
INSERT INTO Race VALUES(1,16,6,3,57,'1:32:58',206.436,3,13,1,25);
INSERT INTO Race VALUES(1,17,44,1,2,NULL,190.361,3,14,NULL,NULL);
INSERT INTO Race VALUES(1,18,1,2,6,NULL,106.436,3,15,NULL,NULL);
INSERT INTO Race VALUES(1,19,3,4,57,'1:33:22',205.136,2,16,NULL,NULL);
INSERT INTO Race VALUES(1,20,21,30,56,NULL,206.436,4,17,NULL,NULL);
INSERT INTO Race VALUES(1,21,99,28,56,NULL,206.436,2,18,NULL,NULL);
INSERT INTO Race VALUES(1,22,25,20,57,'1:34:00',206.436,3,19,8,4);
INSERT INTO Race VALUES(1,23,26,21,57,'1:34:58',206.088,2,20,9,2);
INSERT INTO Race VALUES(1,24,19,8,0,NULL,NULL,1,21,NULL,NULL);
INSERT INTO Race VALUES(1,25,77,9,57,'1:33:48',203.336,3,22,5,10);
INSERT INTO RACE VALUES (19,3,10,32,42,NULL,183.859,1,NULL,NULL,NULL);
INSERT INTO RACE VALUES (19,5,7,11,55,'01:40:27',185.586,2,7,10,2);INSERT INTO RACE VALUES (19,6,14,18,55,'01:40:25',186.126,2,8,9,4);INSERT INTO RACE VALUES (19,7,11,17,55,'01:40:10',188.968,2,11,7,12);INSERT INTO RACE VALUES (19,8,27,24,55,'01:40:04',189.024,2,12,6,16);INSERT INTO RACE VALUES (19,9,8,23,54,NULL,187.092,2,18,13,NULL);INSERT INTO RACE VALUES (19,10,13,27,26,NULL,183.547,1,NULL,NULL,NULL);INSERT INTO RACE VALUES (19,14,20,15,55,'01:40:30',187.171,2,9,11,NULL);INSERT INTO RACE VALUES (19,15,22,14,55,'01:40:02',187.320,2,6,5,20);INSERT INTO RACE VALUES (19,16,6,3,54,NULL,187.092,2,1,14,NULL);INSERT INTO RACE VALUES (19,17,44,2,55,'01:39:02',189.342,2,2,1,50);INSERT INTO RACE VALUES (19,18,1,6,55,'01:40:12',189.427,2,NULL,8,8);INSERT INTO RACE VALUES (19,19,3,5,55,'01:39:39',191.341,2,NULL,4,24);INSERT INTO RACE VALUES (19,20,21,30,54,NULL,185.652,2,14,15,NULL);INSERT INTO RACE VALUES (19,21,99,29,54,NULL,185.980,3,13,16,NULL);INSERT INTO RACE VALUES (19,22,25,21,55,'01:40:31',189.186,3,10,12,NULL);INSERT INTO RACE VALUES (19,23,26,20,14,NULL,183.859,1,NULL,NULL,NULL);INSERT INTO RACE VALUES (19,24,19,9,55,'01:39:04',190.738,2,4,2,36);INSERT INTO RACE VALUES (19,25,77,8,55,'01:39:28',189.113,2,3,3,30);INSERT INTO pit_stop (Grand_Prix_ID,Pilot_ID,Time_sec,Penalty,Tires_changed_to ) VALUES ( 1, 23, 2.890, 'NO', 3);INSERT INTO pit_stop (Grand_Prix_ID,Pilot_ID,Time_sec,Penalty,Tires_changed_to ) VALUES ( 1, 9, 3.090, 'NO', 3);INSERT INTO pit_stop (Grand_Prix_ID,Pilot_ID,Time_sec,Penalty,Tires_changed_to ) VALUES ( 1, 14, 3.400, 'NO', NULL);INSERT INTO pit_stop (Grand_Prix_ID,Pilot_ID,Time_sec,Penalty,Tires_changed_to ) VALUES ( 1, 11, 2.890, 'YES', 2);INSERT INTO pit_stop (Grand_Prix_ID,Pilot_ID,Time_sec,Penalty,Tires_changed_to ) VALUES ( 1, 23, 4.010, 'NO', 3);INSERT INTO works VALUES (3, 3);INSERT INTO works VALUES (3, 4);INSERT INTO works VALUES (1, 3);INSERT INTO FREE_RIDE VALUES (1,1,5,31);INSERT INTO FREE_RIDE VALUES (1,3,30,32);INSERT INTO FREE_RIDE VALUES (1,5,28,10);INSERT INTO FREE_RIDE VALUES (1,6,61,12);INSERT INTO FREE_RIDE VALUES (1,7,15,17);INSERT INTO FREE_RIDE VALUES (1,8,3,16);INSERT INTO FREE_RIDE VALUES (1,9,32,24);INSERT INTO FREE_RIDE VALUES (1,10,9,22);INSERT INTO FREE_RIDE VALUES (1,11,42,27);INSERT INTO FREE_RIDE VALUES (1,12,11,27);INSERT INTO FREE_RIDE VALUES (1,13,22,25);INSERT INTO FREE_RIDE VALUES (1,14,10,14);INSERT INTO FREE_RIDE VALUES (1,15,45,13);INSERT INTO FREE_RIDE VALUES (1,16,23,1);INSERT INTO FREE_RIDE VALUES (1,17,22,2);INSERT INTO FREE_RIDE VALUES (1,18,39,4);INSERT INTO FREE_RIDE VALUES (1,19,20,2);INSERT INTO FREE_RIDE VALUES (1,20,4,30);INSERT INTO FREE_RIDE VALUES (1,21,4,29);INSERT INTO FREE_RIDE VALUES (1,22,22,20);INSERT INTO FREE_RIDE VALUES (1,23,15,21);INSERT INTO FREE_RIDE VALUES (1,24,8,8);INSERT INTO FREE_RIDE VALUES (1,25,3,9);INSERT INTO FREE_RIDE VALUES (19,1,4,9);INSERT INTO FREE_RIDE VALUES (19,2,8,33);INSERT INTO FREE_RIDE VALUES (19,3,32,32);INSERT INTO FREE_RIDE VALUES (19,4,1,12);INSERT INTO FREE_RIDE VALUES (19,5,60,11);INSERT INTO FREE_RIDE VALUES (19,6,50,18);INSERT INTO FREE_RIDE VALUES (19,7,33,17);INSERT INTO FREE_RIDE VALUES (19,8,25,24);INSERT INTO FREE_RIDE VALUES (19,9,30,23);INSERT INTO FREE_RIDE VALUES (19,10,30,27);INSERT INTO FREE_RIDE VALUES (19,11,15,26);INSERT INTO FREE_RIDE VALUES (19,14,20,15);INSERT INTO FREE_RIDE VALUES (19,15,22,14);INSERT INTO FREE_RIDE VALUES (19,16,20,3);INSERT INTO FREE_RIDE VALUES (19,17,24,2);INSERT INTO FREE_RIDE VALUES (19,18,15,6);INSERT INTO FREE_RIDE VALUES (19,19,20,5);INSERT INTO FREE_RIDE VALUES (19,20,30,30);INSERT INTO FREE_RIDE VALUES (19,21,55,29);INSERT INTO FREE_RIDE VALUES (19,22,25,21);INSERT INTO FREE_RIDE VALUES (19,23,15,20);INSERT INTO FREE_RIDE VALUES (19,24,25,9);INSERT INTO FREE_RIDE VALUES (19,25,67,8);INSERT INTO QUALIFICATION VALUES (1,1,9,31,'00:01:34',NULL,NULL);INSERT INTO QUALIFICATION VALUES (1,3,10,32,'00:01:34','00:01:45',NULL);INSERT INTO QUALIFICATION VALUES (1,5,7,11,'00:01:32','00:01:44', NULL);INSERT INTO QUALIFICATION VALUES (1,6,14,12,'00:01:32','00:01:42','00:01:44');INSERT INTO QUALIFICATION VALUES (1,7,11,17,'00:01:34','00:01:47',NULL);INSERT INTO QUALIFICATION VALUES (1,8,27,16,'00:01:33','00:01:43','00:01:46');INSERT INTO QUALIFICATION VALUES (1,9,8,22,'00:01:36',NULL,NULL);INSERT INTO QUALIFICATION VALUES (1,11,4,26,'00:01:34',NULL,NULL);INSERT INTO QUALIFICATION VALUES (1,13,17,27,'00:01:34',NULL,NULL);INSERT INTO QUALIFICATION VALUES (1,14,20,14,'00:01:31','00:01:42','00:01:45');INSERT INTO QUALIFICATION VALUES (1,15,22,13,'00:01:31','00:01:44',NULL);INSERT INTO QUALIFICATION VALUES (1,16,6,3,'00:01:33','00:01:43','00:01:45');INSERT INTO QUALIFICATION VALUES (1,17,44,1,'00:01:31','00:01:42','00:01:44');INSERT INTO QUALIFICATION VALUES (1,18,1,2,'00:01:31','00:01:44', NULL);INSERT INTO QUALIFICATION VALUES (1,19,3,4,'00:01:30','00:01:42','00:01:44');INSERT INTO QUALIFICATION VALUES (1,20,21,30,'00:01:35',NULL,NULL);INSERT INTO QUALIFICATION VALUES (1,21,99,28,'00:01:33','00:01:45',NULL);INSERT INTO QUALIFICATION VALUES (1,22,25,20,'00:01:33','00:01:43','00:01:45');INSERT INTO QUALIFICATION VALUES (1,23,26,21,'00:01:33','00:01:44','00:01:47');INSERT INTO QUALIFICATION VALUES (1,24,19,8,'00:01:31','00:01:44','00:01:48');INSERT INTO QUALIFICATION VALUES (1,25,77,9,'00:01:31','00:01:43','00:01:48');
INSERT INTO QUALIFICATION VALUES (19,2,46,33,'00:01:45',NULL,NULL);INSERT INTO QUALIFICATION VALUES (19,3,10,32,'00:01:44',NULL,NULL);INSERT INTO QUALIFICATION VALUES (19,5,7,11,'00:01:42','00:01:42','00:01:42');INSERT INTO QUALIFICATION VALUES (19,6,14,18,'00:01:42','00:01:42','00:01:43');INSERT INTO QUALIFICATION VALUES (19,7,11,17,'00:01:42','00:01:42',NULL);INSERT INTO QUALIFICATION VALUES (19,8,27,24,'00:01:42','00:01:42',NULL);INSERT INTO QUALIFICATION VALUES (19,9,8,23,'00:01:42',NULL,NULL);INSERT INTO QUALIFICATION VALUES (19,10,13,27,'00:01:43',NULL,NULL);INSERT INTO QUALIFICATION VALUES (19,14,20,15,'00:01:42','00:01:42',NULL);INSERT INTO QUALIFICATION VALUES (19,15,22,14,'00:01:42','00:01:42','00:01:42');INSERT INTO QUALIFICATION VALUES (19,16,6,3,'00:01:41','00:01:41','00:01:40');INSERT INTO QUALIFICATION VALUES (19,17,44,2,'00:01:41','00:01:40','00:01:40');INSERT INTO QUALIFICATION VALUES (19,18,1,6,'00:01:42','00:01:42','00:01:42');INSERT INTO QUALIFICATION VALUES (19,19,3,5,'00:01:42','00:01:42','00:01:41');INSERT INTO QUALIFICATION VALUES (19,20,21,30,'00:01:43',NULL,NULL);INSERT INTO QUALIFICATION VALUES (19,21,99,29,'00:01:42','00:01:43',NULL);INSERT INTO QUALIFICATION VALUES (19,22,25,21,'00:01:42','00:01:42',NULL);INSERT INTO QUALIFICATION VALUES (19,23,26,20,'00:01:42','00:01:42','00:01:41');INSERT INTO QUALIFICATION VALUES (19,24,19,9,'00:01:41','00:01:41','00:01:41');INSERT INTO QUALIFICATION VALUES (19,25,77,8,'00:01:42','00:01:41','00:01:41');